,china,iran,UAE,cuba,russia,venezuela
china,0.0,0.05649,0.02297,0.01246,0.01437,0.01896
iran,0.05649,0.0,0.04559,0.04938,0.05013,0.05011
UAE,0.02297,0.04559,0.0,0.02171,0.02352,0.02835
cuba,0.01246,0.04938,0.02171,0.0,0.01149,0.01571
russia,0.01437,0.05013,0.02352,0.01149,0.0,0.00931
venezuela,0.01896,0.05011,0.02835,0.01571,0.00931,0.0
